{"cameraMode":{"drawMode":0,"name":"Shaded","section":"Shading Mode"},"sceneLighting":false,"audioPlay":false,"sceneViewState":{"showFog":true,"showMaterialUpdate":false,"showSkybox":true,"showFlares":true,"showImageEffects":true,"showParticleSystems":true},"in2DMode":false,"pivot":{"x":12.587991714477539,"y":6.209684371948242,"z":1.7203861474990845},"rotation":{"x":0.3710598945617676,"y":-0.3041902482509613,"z":0.1300859898328781,"w":0.8676801323890686},"size":3.7252607345581056,"orthographic":false}