{"cameraMode":{"drawMode":0,"name":"Shaded","section":"Shading Mode"},"sceneLighting":true,"audioPlay":false,"sceneViewState":{"showFog":true,"showMaterialUpdate":false,"showSkybox":true,"showFlares":true,"showImageEffects":true,"showParticleSystems":true},"in2DMode":false,"pivot":{"x":5.861992835998535,"y":8.519033432006836,"z":-8.690887451171875},"rotation":{"x":0.024631965905427934,"y":0.9537099003791809,"z":0.08144419640302658,"w":-0.2884451150894165},"size":16.144546508789064,"orthographic":false}